<?xml version="1.0" encoding="UTF-8"?>
<!DOCTYPE beans PUBLIC "-//SPRING//DTD BEAN//EN" "http://www.springframework.org/dtd/spring-beans.dtd">

<beans>
	<bean id="triangle" class="springfirst.springfirst.Triangle" init-method="init" destroy-method="destroy">
<!-- 		<property name="type" value="Equilateral" /> -->
<!-- 		<constructor-arg value="15" /> -->
<!-- 		<constructor-arg value="Equilateral" /> -->
<!-- 		<constructor-arg type="int" value="10" /> -->
<!-- 		<constructor-arg type="java.lang.String" value="10" /> -->
		<constructor-arg index="1" value="20" />
		<constructor-arg index="0" value="Acute" />			
	</bean>
</beans>