<?xml version="1.0" encoding="UTF-8"?>
<!DOCTYPE beans PUBLIC "-//SPRING//DTD BEAN//EN" "http://www.springframework.org/dtd/spring-beans.dtd">

<beans>
	<bean id="shape" class="springfirst.springshape.ShapeTypes" name="shapetype" autowire="byType">
		<property name="circle" ref="circlex"/>
		<property name="rectangle">
			<ref bean="rectanglex"/>
		</property>
		<property name="triangle">
			<bean class="springfirst.springshape.Shape">
				<property name="type" value="triangle1"/>
				<property name="size" value="25"/>		
			</bean>
		</property>

		<property name="shapes">
			<list>
				<ref bean="circlex"/>
				<ref bean="rectanglex"/>
				<ref bean="trianglex"/>				
			</list>
		</property>
	</bean>

	<bean id="circlex" class="springfirst.springshape.Shape">
		<property name="type" value="circle1"/>
		<property name="size" value="5"/>		
	</bean>
	
<!-- 	<bean id="rectangle" class="springfirst.springshape.Shape"> -->
<!-- 		<property name="type" value="rectangle1"/> -->
<!-- 		<property name="size" value="15"/>		 -->
<!-- 	</bean> -->
			
<!-- 	<bean id="triangle" class="springfirst.springshape.Shape"> -->
<!-- 		<property name="type" value="triangle1"/> -->
<!-- 		<property name="size" value="25"/>		 -->
<!-- 	</bean> -->
	
	<alias name="shape" alias="shapetypes"/>
	
</beans>