{
    "totalSubscriptions" : 0,
    "totalInvoices" : 0,
    "totalCreditNotes" : 0,
    "activeSubscriptions" : 0,
    "pendingSubcriptions" : 0,
    "outstandingInvoices" : 0,
    "availableCreditNotes" : 0
}


public class InvoiceForDashboard {

    private DashboardAmountCount totalBilling;

    private DashboardAmountCount newBilling;

    private DashboardAmountCount recurringBilling;

    private EnumMap<InvoiceStatus, int> unpaidInvoices = new EnumMap<>(InvoiceStatus.class);

    private List<Date> filterDuration = new ArrayList<>();

    private Map<String, int> invoiceAging = new HashMap<String, int>();  // for 6 months only

}


public class TransactionForDashboard {

    private DashboardAmountCount payments;

    private DashboardAmountCount refund;

    private EnumMap<PaymentMode, DashboardAmount> paymentModes;
}

public class SubscriptionForDashboard {

    private int activation;

    private int canceled;

    private int expired;

    private EnumMap<SubscriptionStatus, int> signUps;
}