{
    "2023-03-29": {
        "totalBilling": {
            "count": 15,
            "amount": 78610.04
        },
        "newBilling": {
            "count": 11,
            "amount": 52733.04
        },
        "recurringBilling": {
            "count": 4,
            "amount": 25877.00
        },
        "unpaidInvoices": {
            "Approved": 8,
            "Overdue": 1,
            "Pending": 4,
            "Partially Paid": 1
        },
        "filterDuration": [
            "2023-03-29T00:00:00",
            "2023-03-29T23:59:59"
        ],
        "unpaidInvoiceAging": null
    },
    "2023-03-07": {
        "totalBilling": {
            "count": 44,
            "amount": 9561.2731
        },
        "newBilling": {
            "count": 17,
            "amount": 4817.4731
        },
        "recurringBilling": {
            "count": 27,
            "amount": 4743.80
        },
        "unpaidInvoices": {
            "Approved": 30,
            "Overdue": 2,
            "Pending": 9
        },
        "filterDuration": [
            "2023-03-07T00:00:00",
            "2023-03-07T23:59:59"
        ],
        "unpaidInvoiceAging": null
    },
    "2023-03-28": {
        "totalBilling": {
            "count": 17,
            "amount": 445059.20
        },
        "newBilling": {
            "count": 12,
            "amount": 441929.20
        },
        "recurringBilling": {
            "count": 5,
            "amount": 3130.00
        },
        "unpaidInvoices": {
            "Approved": 3,
            "Overdue": 5,
            "Pending": 7,
            "Partially Paid": 2
        },
        "filterDuration": [
            "2023-03-28T00:00:00",
            "2023-03-28T23:59:59"
        ],
        "unpaidInvoiceAging": null
    },
    "2023-03-17": {
        "totalBilling": {
            "count": 28,
            "amount": 13153.87
        },
        "newBilling": {
            "count": 21,
            "amount": 9253.87
        },
        "recurringBilling": {
            "count": 7,
            "amount": 3900.00
        },
        "unpaidInvoices": {
            "Approved": 11,
            "Pending": 17
        },
        "filterDuration": [
            "2023-03-17T00:00:00",
            "2023-03-17T23:59:59"
        ],
        "unpaidInvoiceAging": null
    },
    "2023-03-06": {
        "totalBilling": {
            "count": 27,
            "amount": 8164.66
        },
        "newBilling": {
            "count": 17,
            "amount": 3355.18
        },
        "recurringBilling": {
            "count": 10,
            "amount": 4809.48
        },
        "unpaidInvoices": {
            "Approved": 11,
            "Pending": 14
        },
        "filterDuration": [
            "2023-03-06T00:00:00",
            "2023-03-06T23:59:59"
        ],
        "unpaidInvoiceAging": null
    },
    "2023-03-27": {
        "totalBilling": {
            "count": 2,
            "amount": 5110.00
        },
        "newBilling": {
            "count": 2,
            "amount": 5110.00
        },
        "recurringBilling": {
            "count": 0,
            "amount": 0
        },
        "unpaidInvoices": {
            "Approved": 1,
            "Overdue": 1
        },
        "filterDuration": [
            "2023-03-27T00:00:00",
            "2023-03-27T23:59:59"
        ],
        "unpaidInvoiceAging": null
    },
    "2023-03-16": {
        "totalBilling": {
            "count": 7,
            "amount": 3220.00
        },
        "newBilling": {
            "count": 4,
            "amount": 1420.00
        },
        "recurringBilling": {
            "count": 3,
            "amount": 1800.00
        },
        "unpaidInvoices": {
            "Overdue": 1,
            "Pending": 1,
            "Partially Paid": 3
        },
        "filterDuration": [
            "2023-03-16T00:00:00",
            "2023-03-16T23:59:59"
        ],
        "unpaidInvoiceAging": null
    },
    "2023-03-15": {
        "totalBilling": {
            "count": 9,
            "amount": 3988.24
        },
        "newBilling": {
            "count": 3,
            "amount": 1628.07
        },
        "recurringBilling": {
            "count": 6,
            "amount": 2360.17
        },
        "unpaidInvoices": {
            "Approved": 3,
            "Overdue": 3,
            "Pending": 2
        },
        "filterDuration": [
            "2023-03-15T00:00:00",
            "2023-03-15T23:59:59"
        ],
        "unpaidInvoiceAging": null
    },
    "2023-03-09": {
        "totalBilling": {
            "count": 45,
            "amount": 20636.74
        },
        "newBilling": {
            "count": 28,
            "amount": 12350.26
        },
        "recurringBilling": {
            "count": 17,
            "amount": 8286.48
        },
        "unpaidInvoices": {
            "Approved": 24,
            "Pending": 19
        },
        "filterDuration": [
            "2023-03-09T00:00:00",
            "2023-03-09T23:59:59"
        ],
        "unpaidInvoiceAging": null
    },
    "2023-03-08": {
        "totalBilling": {
            "count": 20,
            "amount": 4127.33
        },
        "newBilling": {
            "count": 18,
            "amount": 3516.33
        },
        "recurringBilling": {
            "count": 2,
            "amount": 611.00
        },
        "unpaidInvoices": {
            "Approved": 17,
            "Overdue": 1,
            "Pending": 1
        },
        "filterDuration": [
            "2023-03-08T00:00:00",
            "2023-03-08T23:59:59"
        ],
        "unpaidInvoiceAging": null
    },
    "2023-03-10": {
        "totalBilling": {
            "count": 28,
            "amount": 10982.16
        },
        "newBilling": {
            "count": 15,
            "amount": 4285.00
        },
        "recurringBilling": {
            "count": 13,
            "amount": 6697.16
        },
        "unpaidInvoices": {
            "Approved": 16,
            "Pending": 6
        },
        "filterDuration": [
            "2023-03-10T00:00:00",
            "2023-03-10T23:59:59"
        ],
        "unpaidInvoiceAging": null
    },
    "2023-03-31": {
        "totalBilling": {
            "count": 14,
            "amount": 12791.84
        },
        "newBilling": {
            "count": 12,
            "amount": 12240.84
        },
        "recurringBilling": {
            "count": 2,
            "amount": 551.00
        },
        "unpaidInvoices": {
            "Approved": 2,
            "Overdue": 6,
            "Pending": 4
        },
        "filterDuration": [
            "2023-03-31T00:00:00",
            "2023-03-31T23:59:59"
        ],
        "unpaidInvoiceAging": null
    },
    "2023-03-20": {
        "totalBilling": {
            "count": 12,
            "amount": 4228.87
        },
        "newBilling": {
            "count": 8,
            "amount": 1310.00
        },
        "recurringBilling": {
            "count": 4,
            "amount": 2918.87
        },
        "unpaidInvoices": {
            "Approved": 7,
            "Pending": 5
        },
        "filterDuration": [
            "2023-03-20T00:00:00",
            "2023-03-20T23:59:59"
        ],
        "unpaidInvoiceAging": null
    },
    "2023-03-30": {
        "totalBilling": {
            "count": 19,
            "amount": 14527.06
        },
        "newBilling": {
            "count": 17,
            "amount": 14307.06
        },
        "recurringBilling": {
            "count": 2,
            "amount": 220.00
        },
        "unpaidInvoices": {
            "Approved": 3,
            "Overdue": 3,
            "Pending": 3,
            "Partially Paid": 1
        },
        "filterDuration": [
            "2023-03-30T00:00:00",
            "2023-03-30T23:59:59"
        ],
        "unpaidInvoiceAging": null
    },
    "2023-04-03": {
        "totalBilling": {
            "count": 3,
            "amount": 650.00
        },
        "newBilling": {
            "count": 1,
            "amount": 250
        },
        "recurringBilling": {
            "count": 2,
            "amount": 400.00
        },
        "unpaidInvoices": {
            "Approved": 2,
            "Partially Paid": 1
        },
        "filterDuration": [
            "2023-04-03T00:00:00",
            "2023-04-03T23:59:59"
        ],
        "unpaidInvoiceAging": null
    },
    "2023-04-04": {
        "totalBilling": {
            "count": 3,
            "amount": 1610.00
        },
        "newBilling": {
            "count": 3,
            "amount": 1610.00
        },
        "recurringBilling": {
            "count": 0,
            "amount": 0
        },
        "unpaidInvoices": {
            "Approved": 1,
            "Pending": 1
        },
        "filterDuration": [
            "2023-04-04T00:00:00",
            "2023-04-04T23:59:59"
        ],
        "unpaidInvoiceAging": null
    },
    "2023-03-14": {
        "totalBilling": {
            "count": 13,
            "amount": 3388.68
        },
        "newBilling": {
            "count": 10,
            "amount": 2418.68
        },
        "recurringBilling": {
            "count": 3,
            "amount": 970.00
        },
        "unpaidInvoices": {
            "Approved": 6,
            "Pending": 3,
            "Partially Paid": 2
        },
        "filterDuration": [
            "2023-03-14T00:00:00",
            "2023-03-14T23:59:59"
        ],
        "unpaidInvoiceAging": null
    },
    "2023-03-24": {
        "totalBilling": {
            "count": 2,
            "amount": 720.00
        },
        "newBilling": {
            "count": 2,
            "amount": 720.00
        },
        "recurringBilling": {
            "count": 0,
            "amount": 0
        },
        "unpaidInvoices": {
            "Overdue": 1,
            "Pending": 1
        },
        "filterDuration": [
            "2023-03-24T00:00:00",
            "2023-03-24T23:59:59"
        ],
        "unpaidInvoiceAging": null
    },
    "2023-03-13": {
        "totalBilling": {
            "count": 42,
            "amount": 21231.53
        },
        "newBilling": {
            "count": 37,
            "amount": 19764.95
        },
        "recurringBilling": {
            "count": 5,
            "amount": 1466.58
        },
        "unpaidInvoices": {
            "Approved": 15,
            "Overdue": 1,
            "Pending": 17
        },
        "filterDuration": [
            "2023-03-13T00:00:00",
            "2023-03-13T23:59:59"
        ],
        "unpaidInvoiceAging": null
    },
    "2023-03-12": {
        "totalBilling": {
            "count": 2,
            "amount": 1565
        },
        "newBilling": {
            "count": 2,
            "amount": 1565
        },
        "recurringBilling": {
            "count": 0,
            "amount": 0
        },
        "unpaidInvoices": {
            "Approved": 1
        },
        "filterDuration": [
            "2023-03-12T00:00:00",
            "2023-03-12T23:59:59"
        ],
        "unpaidInvoiceAging": null
    },
    "2023-03-22": {
        "totalBilling": {
            "count": 13,
            "amount": 2777.46
        },
        "newBilling": {
            "count": 13,
            "amount": 2777.46
        },
        "recurringBilling": {
            "count": 0,
            "amount": 0
        },
        "unpaidInvoices": {
            "Approved": 3,
            "Overdue": 1
        },
        "filterDuration": [
            "2023-03-22T00:00:00",
            "2023-03-22T23:59:59"
        ],
        "unpaidInvoiceAging": null
    }
}