[{
    "id": "646b69dbd3ad38045814b048",
    "createdDate": 1684761050208,
    "createdBy": "SYSTEM",
    "updatedDate": 1684761050208,
    "updatedBy": "SYSTEM",
    "active": true,
    "deleted": false,
    "labels": {},
    "metadata": {},
    "tags": [],
    "customerId": "63f37406897713000195a615",
    "customerName": "Vidhi Direct Customer",
    "invoiceItem": {
        "id": "646b3b40d3ad384020a7ef32",
        "createdDate": 1684749120536,
        "createdBy": null,
        "updatedDate": null,
        "updatedBy": null,
        "active": true,
        "deleted": false,
        "name": "AL - Private Room",
        "planId": null,
        "addonId": null,
        "itemType": "PreManual",
        "subscriptionId": null,
        "customerId": "63f37406897713000195a615",
        "customerName": "Vidhi Direct Customer",
        "customerNumber": "CS-3167",
        "parentCustomerId": null,
        "unitAmount": 44,
        "pricingBrackets": [],
        "quantity": 2,
        "amount": 88,
        "freeQuantity": 0,
        "baseFee": 0,
        "billingFrom": [
            2023,
            5,
            24
        ],
        "billingTo": [
            2023,
            5,
            24
        ],
        "setupCost": null,
        "planType": "Unit",
        "unitOfMesurement": "Quantity",
        "additionalUnitCost": 88,
        "additionalLineItems": [],
        "qbLineItems": [
            {
                "id": "646b3b40d3ad384020a7ef33",
                "createdDate": 1684749120536,
                "createdBy": null,
                "updatedDate": null,
                "updatedBy": null,
                "active": true,
                "deleted": false,
                "name": "AL - Private Room",
                "description": "AL-Private Room SSI",
                "quantity": 2,
                "unitPrice": 44,
                "price": 88
            }
        ],
        "productName": null,
        "productId": null,
        "taxAmount": 0,
        "totalTaxRate": 0,
        "taxable": false,
        "taxes": [],
        "qbPlanConfig": {
            "qbInvLineItemConfigs": [],
            "invFields": {
                "className": null,
                "template": "kj",
                "paymentTerm": null,
                "memo": null
            },
            "creditNoteFields": {
                "className": null,
                "template": null,
                "arAccount": null
            },
            "required": true
        },
        "manualInvoiceConfig": {
            "recurringInvoice": true,
            "manualInvoiceBillConfig": {
                "dueAfterDays": 0,
                "period": 1,
                "unit": "Days"
            },
            "latestManualInvoice": true,
            "invoiceNextBillingDate": [
                2023,
                5,
                25
            ]
        }
    }
},        {
    "id": "646b69dcd3ad38045814b049",
    "createdDate": 1684761052371,
    "createdBy": "SYSTEM",
    "updatedDate": 1684761052371,
    "updatedBy": "SYSTEM",
    "active": true,
    "deleted": false,
    "labels": {},
    "metadata": {},
    "tags": [],
    "customerId": "63f37406897713000195a615",
    "customerName": "Vidhi Direct Customer",
    "invoiceItem": {
        "id": "646b3b40d3ad384020a7ef30",
        "createdDate": 1684749120536,
        "createdBy": null,
        "updatedDate": null,
        "updatedBy": null,
        "active": true,
        "deleted": false,
        "name": "Bad Debt",
        "planId": null,
        "addonId": null,
        "itemType": "PreManual",
        "subscriptionId": null,
        "customerId": "63f37406897713000195a615",
        "customerName": "Vidhi Direct Customer",
        "customerNumber": "CS-3167",
        "parentCustomerId": null,
        "unitAmount": 11,
        "pricingBrackets": [],
        "quantity": 11,
        "amount": 121,
        "freeQuantity": 0,
        "baseFee": 0,
        "billingFrom": [
            2023,
            5,
            24
        ],
        "billingTo": [
            2023,
            5,
            24
        ],
        "setupCost": null,
        "planType": "Unit",
        "unitOfMesurement": "Quantity",
        "additionalUnitCost": 121,
        "additionalLineItems": [],
        "qbLineItems": [
            {
                "id": "646b3b40d3ad384020a7ef31",
                "createdDate": 1684749120536,
                "createdBy": null,
                "updatedDate": null,
                "updatedBy": null,
                "active": true,
                "deleted": false,
                "name": "Bad Debt",
                "description": "lkjklh",
                "quantity": 11,
                "unitPrice": 11,
                "price": 121
            }
        ],
        "productName": null,
        "productId": null,
        "taxAmount": 0,
        "totalTaxRate": 0,
        "taxable": false,
        "taxes": [],
        "qbPlanConfig": {
            "qbInvLineItemConfigs": [],
            "invFields": {
                "className": null,
                "template": "kj",
                "paymentTerm": null,
                "memo": null
            },
            "creditNoteFields": {
                "className": null,
                "template": null,
                "arAccount": null
            },
            "required": true
        },
        "manualInvoiceConfig": {
            "recurringInvoice": true,
            "manualInvoiceBillConfig": {
                "dueAfterDays": 0,
                "period": 1,
                "unit": "Days"
            },
            "latestManualInvoice": true,
            "invoiceNextBillingDate": [
                2023,
                5,
                25
            ]
        }
    }
},
{
    "id": "646b3aa4d3ad384020a7e73d",
    "createdDate": 1684748964723,
    "createdBy": "SYSTEM",
    "updatedDate": 1684748964723,
    "updatedBy": "SYSTEM",
    "active": true,
    "deleted": false,
    "labels": {},
    "metadata": {},
    "tags": [],
    "customerId": "63f37406897713000195a615",
    "customerName": "Vidhi Direct Customer",
    "invoiceItem": {
        "id": "646b3aa4d3ad384020a7e73c",
        "createdDate": 1684748964720,
        "createdBy": null,
        "updatedDate": null,
        "updatedBy": null,
        "active": true,
        "deleted": false,
        "name": "Supplemental Care Fee",
        "planId": "646206be5fafd61644c6bd4e",
        "addonId": null,
        "itemType": "Plan",
        "subscriptionId": "646b3a4ad3ad384020a7e0ad",
        "customerId": "63f37406897713000195a615",
        "customerName": "Vidhi Direct Customer",
        "customerNumber": "CS-3167",
        "parentCustomerId": null,
        "unitAmount": null,
        "pricingBrackets": [],
        "quantity": 1,
        "amount": 45.00,
        "freeQuantity": 0,
        "baseFee": 45,
        "billingFrom": [
            2023,
            5,
            1
        ],
        "billingTo": [
            2023,
            5,
            31
        ],
        "setupCost": 0,
        "planType": "Flat",
        "unitOfMesurement": "IBHUH",
        "additionalUnitCost": 0,
        "additionalLineItems": [],
        "qbLineItems": [],
        "productName": "Fax Service",
        "productId": "5e3020865304940001ae86e1",
        "taxAmount": 0,
        "totalTaxRate": 0,
        "taxable": false,
        "taxes": [],
        "qbPlanConfig": {
            "qbInvLineItemConfigs": [],
            "invFields": {
                "className": null,
                "template": null,
                "paymentTerm": null,
                "memo": null
            },
            "creditNoteFields": {
                "className": null,
                "template": null,
                "arAccount": null
            },
            "required": true
        },
        "manualInvoiceConfig": {
            "recurringInvoice": false,
            "manualInvoiceBillConfig": null,
            "latestManualInvoice": false,
            "invoiceNextBillingDate": null
        }
    }
}]